nid,title,body,photo
318865,TES,,
364,"Henry Hepburn",,
3271,"Michael Tidd",,http://tes.platform/sites/default/files/MichaelTidd.jpg
338717,"Farah Shah",,
329159,"Will Hazell",,
3396,"Emma Seith",,
339800,"David Jones",,
338750,"Jonathan Owen",,
317758,"Robert Halfon",,
369,"Kaye Wiggins",,
216653,"Eleanor Busby",,
213599,"Tom Starkey",,
214987,"Will Martin",,http://tes.platform/sites/default/files/willm.jpg
220766,"Thomas Rogers",,
343997,"Anton Kolaric",,
344072,"Stuart Ratcliffe",,
3007,"Bernard Trafford",,
3000,"Helen Ward",,
345367,"Julia Belgutay, Will Martin and Stephen Exley",,
350,"Adi Bloom",,
345982,"Christian Darkin",,
3249,"Julia Belgutay",,
330380,"Clare Erasmus",,
3167,"Jo Brighouse",,
348214,"Jonathan Porter",,
3767,"Tim Brighouse",,
217726,"John Cunnane",,
350089,"Kathryn Horan",,
3067,Anonymous,,
351784,"Nicholas Griffith",,
351847,"Sophie Livingstone",,
352216,"Rebecca Foster",,
327842,"Martin George",,
353,"Helen Ward",,
355648,"Sana Master",,
206053,"Tes editorial team",,
365,"Helen Amass",,
3704,"Charlotte Santry",,
348334,"Eddie White",,
355,"Stephen Exley",,
176551,"Alison Birkinshaw",,
357874,"Ian Hudspeth",,
3032,"TES reporter",,
353245,"Paul Whiteman",,
362059,"Mike Parker",,
230428,"James Pembroke",,
3512,"Nancy Gedge",,
362926,"Jonathan Owen",,
32367,"Kate Townshend",,
316408,"Jo Wright",,
3070,"Ann Mroz",,
369300,"Chris Hill",,
369492,"Emily Marcuccilli",,
369465,"Tristram Hooley and John Holman",,
217475,"Stephen Exley",,
3644,"Kevin Stannard",,
372480,"George Ryan",,
4795,"Colin Harris",,
374391,"Ceri Stokes",,
