"nid","photo"
"358","/sites/default/files/Sarah%20Cunnane.jpg"
"3042","/sites/default/files/will%27s%20head.png"
"3271","/sites/default/files/MichaelTidd.jpg"
"3699","/sites/default/files/Daulby.png"
"3725","/sites/default/files/david_james_headshot.jpg"
"4379","/sites/default/files/Jonathan%20Sellick_0.jpg"
"214987","/sites/default/files/willm.jpg"
"216734","/sites/default/files/Rob%20Messik%202.jpg"
"216969","/sites/default/files/Carolyn.jpg"
"217346","/sites/default/files/me.jpg"
"230680","/sites/default/files/jennifer-heller-doyle-mug-200x200-c-default.jpg"
"230698","/sites/default/files/sierras_new_headshot_ik-200x200-c-default_1.jpg"
"231685","/sites/default/files/nicole_dobo.jpg"
"231709","/sites/default/files/chris_berdik.jpg"
"232294","/sites/default/files/nick_stoneman_byline.jpg"
"232642","/sites/default/files/mikhail_byline_photo.jpg"
"312658","/sites/default/files/paulinehagen.jpg"
"361597","/sites/default/files/professor_sonia_blandford.jpg"
